{
  "project_info": {
    "project_number": "511643040852",
    "firebase_url": "https://workmanager-db35f.firebaseio.com",
    "project_id": "workmanager-db35f",
    "storage_bucket": "workmanager-db35f.appspot.com"
  },
  "client": [
    {
      "client_info": {
        "mobilesdk_app_id": "1:511643040852:android:cc11ec4b508c04e8",
        "android_client_info": {
          "package_name": "dev.shreyansh.peco"
        }
      },
      "oauth_client": [
        {
          "client_id": "511643040852-noak68c9jge3e05f1bcq1jfe3p8c1sbu.apps.googleusercontent.com",
          "client_type": 3
        }
      ],
      "api_key": [
        {
          "current_key": "AIzaSyDkcGKnDP5Y7ciuCG__8g31nR0UiD2_MoA"
        }
      ],
      "services": {
        "analytics_service": {
          "status": 1
        },
        "appinvite_service": {
          "status": 1,
          "other_platform_oauth_client": []
        },
        "ads_service": {
          "status": 2
        }
      }
    }
  ],
  "configuration_version": "1"
}